{
  "has_story": true,
  "generated_at": "2026-02-07T01:12:38.705988+00:00",
  "headline": "Freezing Temps Ahead for the Northeast",
  "body": "A Special Weather Statement has been issued for the area around New York City, New York, due to moderate severity weather conditions. Tonight, a low of 13 degrees is expected, but the coldest temperatures will occur on Saturday night when lows may drop to as low as 8 degrees. Tomorrow's high is predicted to be 33 degrees. Tonight, snow is possible, with further chances on Saturday, Saturday night, Tuesday night, Wednesday, Wednesday night, Thursday, Thursday night, and Friday.",
  "image_url": "https://cdn.star.nesdis.noaa.gov/GOES16/ABI/CONUS/GEOCOLOR/latest.jpg"
}